EID,DOI,year,decision,code,task
2-s2.0-85182547585,,2023,E,E1,
2-s2.0-105010967999,10.24846/v34i2y202504,2025,E,E1,
2-s2.0-85130104246,10.32604/cmc.2022.027885,2022,E,E1,
2-s2.0-85189513530,10.1609/aaai.v38i7.28598,2024,E,E1,
2-s2.0-85139070764,10.1007/978-3-031-16449-1_21,2022,I,,lainnya
2-s2.0-85111002549,10.3390/s21155025,2021,I,,segmentasi
2-s2.0-105031091053,10.1007/978-981-95-5634-2_10,2026,I,,klasifikasi
2-s2.0-85174747025,10.1007/978-3-031-43895-0_59,2023,E,E1,
2-s2.0-85092925209,10.1109/TMI.2020.2995518,2020,I,,klasifikasi
2-s2.0-85054071530,10.1007/978-3-030-00934-2_61,2018,E,E1,
2-s2.0-85116446169,10.1007/978-3-030-87589-3_44,2021,I,,klasifikasi
2-s2.0-85133269552,10.1038/s41467-022-31514-x,2022,I,,klasifikasi
2-s2.0-85163814017,,2022,E,E1,
2-s2.0-85122515630,10.1109/EMBC46164.2021.9630473,2021,E,E1,
2-s2.0-85206483137,10.1109/CVPRW63382.2024.00235,2024,I,,klasifikasi
2-s2.0-105045314111,10.1109/OJCS.2026.3714673,2026,I,,segmentasi
2-s2.0-105031521132,10.1007/978-3-031-72378-0_23,2024,I,,deteksi
2-s2.0-85129581225,10.1109/ISBI52829.2022.9761561,2022,I,,klasifikasi
2-s2.0-105026961373,10.1016/j.ifacol.2025.12.025,2025,E,E1,
2-s2.0-85175000167,10.1016/j.tbench.2023.100119,2023,I,,klasifikasi
2-s2.0-105013547288,10.1016/j.engappai.2025.112055,2025,E,E1,
2-s2.0-85203516795,10.3837/tiis.2024.08.013,2024,E,E1,
2-s2.0-85168010542,10.1016/j.bspc.2023.105334,2023,E,E1,
2-s2.0-105046722094,10.1007/978-3-032-25080-3_5,2026,E,E1,
2-s2.0-85092929919,10.1007/978-3-030-61166-8_19,2020,I,,klasifikasi
2-s2.0-105000827277,10.1109/GLOBECOM52923.2024.10901238,2024,I,,klasifikasi
2-s2.0-85150182996,10.1016/j.media.2023.102794,2023,I,,anomali
2-s2.0-105031523301,10.1109/JBHI.2026.3667990,2026,I,,klasifikasi
2-s2.0-105022201742,10.1016/j.jbi.2025.104941,2025,E,E1,
2-s2.0-85186175010,10.1007/s11042-024-18257-1,2024,I,,klasifikasi
2-s2.0-85065871829,10.3390/A12030064,2019,I,,klasifikasi
2-s2.0-105007088011,10.1016/j.neucom.2025.130498,2025,I,,klasifikasi
2-s2.0-105007714479,10.1007/s10278-023-00952-4,2024,E,E1,
2-s2.0-85218484108,10.1109/ACCESS.2025.3542807,2025,E,E2,
2-s2.0-85147850809,10.1016/j.cmpb.2023.107398,2023,E,E1,
2-s2.0-85184828093,10.18653/v1/2023.emnlp-main.1024,2023,I,,report
2-s2.0-105002154066,10.1049/ipr2.70064,2025,E,E1,
2-s2.0-85187333719,10.1109/JBHI.2024.3372999,2024,E,E1,
2-s2.0-105031430265,10.1109/GCCE65946.2025.11274929,2025,I,,segmentasi
2-s2.0-85123712239,10.3389/fmed.2021.782664,2022,I,,segmentasi
2-s2.0-85218732562,10.1109/TMM.2025.3543003,2025,E,E1,
2-s2.0-85113373643,10.1007/s11548-021-02480-4,2021,E,E1,
2-s2.0-85209386897,10.1007/978-981-97-8496-7_12,2025,I,,klasifikasi
2-s2.0-85138798445,10.1007/978-3-031-16431-6_64,2022,I,,klasifikasi
2-s2.0-105013060087,10.1007/978-981-96-9911-7_12,2025,I,,segmentasi
2-s2.0-85107340495,10.1109/ACCESS.2021.3085418,2021,I,,klasifikasi
2-s2.0-85117528228,10.1109/TENSYMP52854.2021.9550977,2021,I,,klasifikasi
2-s2.0-85219643211,10.1109/MoSICom63082.2024.10880879,2024,E,E1,
2-s2.0-85119049576,10.1007/s13246-021-01075-2,2022,I,,klasifikasi
2-s2.0-105002277124,10.3390/app15074027,2025,E,E2,
2-s2.0-85132794088,,2021,E,E1,
2-s2.0-105044404710,10.1109/ISCAIE68866.2026.11576321,2026,E,E1,
2-s2.0-85110552708,10.1109/ICPR48806.2021.9412946,2020,I,,klasifikasi
2-s2.0-85124131901,10.1109/ICCAD51958.2021.9643443,2021,E,E1,
2-s2.0-105004406736,10.1117/12.3047222,2025,E,E1,
2-s2.0-85111056484,10.1016/j.asoc.2021.107692,2021,I,,klasifikasi
2-s2.0-85187135782,10.1038/s41598-024-56079-1,2024,I,,segmentasi
2-s2.0-85073908152,10.1109/ISBI.2019.8759532,2019,E,E1,
2-s2.0-105020387527,10.1016/j.jbi.2025.104924,2025,E,E1,
2-s2.0-85177453719,10.1007/978-3-031-46317-4_7,2023,E,E1,
2-s2.0-85053631549,10.3390/jimaging4070095,2018,I,,klasifikasi
2-s2.0-85152128964,,2022,I,,klasifikasi
2-s2.0-85128863188,10.3348/JKSR.2021.0146,2022,E,E1,
2-s2.0-85068176173,10.1117/12.2511787,2019,E,E1,
2-s2.0-85169557650,10.1002/tee.23902,2023,I,,deteksi
2-s2.0-85075832159,10.1007/978-3-030-32226-7_56,2019,I,,klasifikasi
2-s2.0-85151336668,10.3390/math11061306,2023,I,,klasifikasi
2-s2.0-85122830688,10.1109/ECBIOS51820.2021.9510775,2021,I,,klasifikasi
2-s2.0-85116428927,10.1007/978-3-030-87196-3_50,2021,I,,klasifikasi
2-s2.0-85210857928,10.1007/978-981-96-0434-0_11,2024,E,E1,
2-s2.0-85216610949,,2024,E,E1,
2-s2.0-85126244598,10.1109/ICIEVICIVPR52578.2021.9564125,2021,I,,klasifikasi
2-s2.0-105044199681,10.1109/ICCV51701.2025.02099,2025,E,E1,
2-s2.0-85145980205,10.1016/j.eswa.2022.119475,2023,I,,klasifikasi
2-s2.0-85153083631,10.1007/s10489-023-04569-6,2023,I,,segmentasi
2-s2.0-85152691048,10.3390/diagnostics13081381,2023,E,E1,
2-s2.0-85163946952,10.3390/app13127198,2023,I,,klasifikasi
2-s2.0-105002685043,10.1109/CICTN64563.2025.10932484,2025,E,E1,
2-s2.0-85213376371,10.1109/ICSSAS64001.2024.10760841,2024,E,E1,
2-s2.0-85048108066,10.1109/ISBI.2018.8363749,2018,I,,klasifikasi
2-s2.0-85075695018,10.1007/978-3-030-32692-0_18,2019,I,,klasifikasi
2-s2.0-105039883768,10.1002/acm2.70626,2026,E,E1,
2-s2.0-85139028640,10.1007/978-3-031-16437-8_24,2022,I,,deteksi
2-s2.0-85197489921,10.1109/TMI.2024.3421644,2024,I,,klasifikasi
2-s2.0-85176236523,10.1007/s11548-023-03031-9,2024,E,E1,
2-s2.0-85111455994,10.1007/978-3-030-78191-0_46,2021,I,,deteksi
2-s2.0-85144311025,10.1016/j.future.2022.12.018,2023,E,E1,
2-s2.0-85116494835,10.1007/978-3-030-87196-3_41,2021,I,,klasifikasi
2-s2.0-85140472086,10.1007/978-3-031-16760-7_10,2022,I,,klasifikasi
2-s2.0-85137368256,10.1145/3535508.3545560,2022,I,,klasifikasi
2-s2.0-85206587114,10.1007/978-3-031-72086-4_28,2024,E,E1,
2-s2.0-85162930963,10.1145/3565478.3572532,2022,E,E1,
2-s2.0-105020318357,10.3390/e27101015,2025,I,,klasifikasi
2-s2.0-85069810126,10.1016/j.entcs.2019.04.008,2019,I,,klasifikasi
2-s2.0-105007687070,10.1007/s10278-024-00975-5,2024,E,E1,
2-s2.0-85177568603,10.1109/ICASSP49357.2023.10095930,2023,I,,klasifikasi
2-s2.0-105010842175,10.1002/mp.17984,2025,I,,segmentasi
2-s2.0-85138192829,10.1109/CVPR52688.2022.02004,2022,I,,klasifikasi
2-s2.0-85208176511,10.1007/978-3-031-72390-2_21,2024,E,E1,
2-s2.0-105013571667,10.1016/j.displa.2025.103183,2026,I,,klasifikasi
2-s2.0-85093080564,10.1007/978-3-030-59710-8_59,2020,I,,klasifikasi
2-s2.0-85203341459,10.1109/ISBI56570.2024.10635520,2024,E,E1,
2-s2.0-85107178593,10.1109/ISBI48211.2021.9434167,2021,I,,klasifikasi
2-s2.0-105017121500,10.1109/TENSYMP63728.2025.11144999,2025,I,,segmentasi
2-s2.0-85174590032,10.1007/978-3-031-43907-0_19,2023,I,,anomali
2-s2.0-85130142359,10.3390/app12094694,2022,I,,klasifikasi
2-s2.0-85203391837,10.1109/ISBI56570.2024.10635757,2024,I,,klasifikasi
2-s2.0-85141227501,,2021,E,E1,
2-s2.0-85130313248,10.1016/j.asoc.2022.108983,2022,I,,klasifikasi
2-s2.0-85166763249,10.1002/mp.16663,2023,I,,lainnya
2-s2.0-85131231274,10.1109/ICASSP43922.2022.9746079,2022,I,,deteksi
2-s2.0-105048676105,10.1109/ACCESS.2026.3722370,2026,I,,klasifikasi
2-s2.0-105042219664,10.1109/IECCT68664.2026.11541575,2026,I,,segmentasi
2-s2.0-105034093345,10.1109/PRAI67447.2025.11412806,2025,E,E1,
2-s2.0-105007793546,10.1007/s10278-024-01334-0,2025,E,E1,
2-s2.0-105019055646,10.1109/QPAIN66474.2025.11171816,2025,I,,klasifikasi
2-s2.0-85197861279,10.1117/12.3029635,2024,I,,klasifikasi
2-s2.0-85181766730,10.1109/IWCIA59471.2023.10335799,2023,I,,klasifikasi
2-s2.0-85093120418,10.1007/978-3-030-60365-6_18,2020,I,,klasifikasi
2-s2.0-85144589448,10.1148/radiol.212213,2023,I,,klasifikasi
2-s2.0-105030655877,10.1016/j.bspc.2026.109933,2026,I,,segmentasi
2-s2.0-85150438393,10.1109/ICEIC57457.2023.10049919,2023,I,,klasifikasi
2-s2.0-85142746525,10.1109/SMC53654.2022.9945167,2022,I,,klasifikasi
2-s2.0-85103690088,10.1117/12.2582290,2021,I,,klasifikasi
2-s2.0-85092251225,10.1007/978-3-030-59137-3_23,2020,E,E1,
2-s2.0-105050422710,10.1109/JBHI.2026.3733431,2026,E,E2,
2-s2.0-105040660005,10.1093/biomtc/ujag092,2026,E,E1,
2-s2.0-105033568110,10.1109/BIBM66473.2025.11356707,2025,I,,klasifikasi
2-s2.0-85103839809,10.1109/BigData50022.2020.9377878,2020,E,E1,
2-s2.0-85212327440,10.1109/TMI.2024.3516954,2025,I,,report
2-s2.0-105004576025,10.1117/12.3047444,2025,E,E1,
2-s2.0-85148695431,10.1117/1.JMI.9.6.064503,2022,E,E1,
2-s2.0-105046402576,10.1109/ICIPAI70034.2026.11605565,2026,I,,lainnya
2-s2.0-85114264218,10.1016/j.patcog.2021.108274,2022,I,,klasifikasi
2-s2.0-85189370361,,2023,I,,lainnya
2-s2.0-105003632167,10.1109/WACV61041.2025.00406,2025,E,E1,
2-s2.0-85190829684,10.1186/s12880-024-01260-1,2024,I,,klasifikasi
2-s2.0-85144551638,10.3390/s22249967,2022,I,,klasifikasi
2-s2.0-105039249459,10.1088/2631-8695/ae68bb,2026,E,E1,
2-s2.0-105010429112,10.1016/j.bspc.2025.108258,2025,I,,klasifikasi
2-s2.0-85123477169,10.1109/IWCIA52852.2021.9626027,2021,I,,deteksi
2-s2.0-85062209872,10.1109/SIBGRAPI.2018.00033,2018,E,E1,
2-s2.0-85119603530,10.1016/j.imu.2021.100779,2021,I,,klasifikasi
2-s2.0-85075825242,10.1007/978-3-030-32226-7_85,2019,I,,klasifikasi
2-s2.0-105044850834,10.1109/ACCESS.2026.3713435,2026,E,E1,
2-s2.0-85182946336,10.1109/ICCVW60793.2023.00285,2023,I,,klasifikasi
2-s2.0-85114556150,10.32604/cmc.2022.018564,2021,E,E2,
2-s2.0-105028512505,10.1145/3777577.3777724,2026,I,,klasifikasi
2-s2.0-105011126870,10.1007/s11042-024-20206-x,2025,E,E1,
2-s2.0-85174583708,10.1007/978-3-031-43907-0_35,2023,I,,deteksi
2-s2.0-105030971648,10.1038/s41598-026-38849-1,2026,I,,klasifikasi
2-s2.0-105046372879,10.1016/j.bspc.2026.111135,2026,E,E1,
2-s2.0-85142680294,10.1007/978-3-031-19803-8_37,2022,I,,segmentasi
2-s2.0-85206942147,10.1007/978-3-031-72111-3_23,2024,E,E1,
2-s2.0-85138802602,10.1007/978-3-031-16431-6_62,2022,E,E1,
2-s2.0-105017858788,10.1109/CVPRW67362.2025.00649,2025,E,E1,
2-s2.0-85126083800,10.1109/WACV51458.2022.00185,2022,E,E1,
2-s2.0-85133658013,10.3390/app12136726,2022,I,,klasifikasi
2-s2.0-85100730770,10.1109/TMI.2021.3054817,2021,E,E1,
2-s2.0-85091642782,10.21037/jtd.2019.08.34,2020,I,,klasifikasi
2-s2.0-85161288655,10.3348/kjr.2022.1032,2023,E,E2,
2-s2.0-105000839631,10.1109/ICMLA61862.2024.00198,2024,E,E1,
2-s2.0-85116508657,10.1007/978-3-030-87589-3_21,2021,I,,klasifikasi
2-s2.0-85116450623,10.1007/978-3-030-87589-3_16,2021,I,,klasifikasi
2-s2.0-85136618596,10.1109/JBHI.2022.3199594,2022,I,,klasifikasi
2-s2.0-85189367572,,2023,I,,segmentasi
2-s2.0-85110771115,10.1007/s11063-021-10578-8,2021,I,,klasifikasi
2-s2.0-85097534590,10.1109/ICCI51257.2020.9247724,2020,I,,klasifikasi
2-s2.0-85091292979,10.1109/ACCESS.2020.3020802,2020,E,E1,
2-s2.0-105032745656,10.1109/AUTEEE67053.2025.11322310,2025,I,,segmentasi
2-s2.0-85210541680,10.1109/JBHI.2024.3505303,2025,E,E1,
2-s2.0-85183630773,10.1109/TNANO.2024.3357068,2024,E,E1,
2-s2.0-85148416616,10.1109/BIP56202.2022.10032469,2022,I,,klasifikasi
2-s2.0-105035790986,10.1145/3783862.3783887,2026,I,,klasifikasi
2-s2.0-105004416810,10.1109/ICIMCIS63449.2024.10956872,2024,I,,klasifikasi
2-s2.0-85216845233,10.1109/ICIP51287.2024.10647378,2024,E,E1,
2-s2.0-85171430855,,2022,I,,segmentasi
2-s2.0-85166250908,10.1016/j.compbiomed.2023.107280,2023,I,,klasifikasi
2-s2.0-85219076208,10.1016/j.iswa.2025.200492,2025,E,E1,
2-s2.0-105004447681,10.3233/WEB-240279,2025,E,E1,
2-s2.0-105010885007,10.1016/j.crad.2025.107004,2025,I,,klasifikasi
2-s2.0-85160821324,10.18006/2023.11(2).226.235,2023,E,E1,
2-s2.0-85104823139,10.1109/HEALTHCOM49281.2021.9399041,2021,I,,klasifikasi
2-s2.0-85126483299,10.1109/ICME51207.2021.9428273,2021,I,,klasifikasi
2-s2.0-85186065445,10.1109/ICIICS59993.2023.10421194,2023,E,E1,
2-s2.0-85183762507,10.1016/j.ejor.2023.12.033,2024,I,,klasifikasi
2-s2.0-85208186388,10.1007/978-3-031-72390-2_3,2024,E,E1,
2-s2.0-85146828676,10.1016/j.hrthm.2022.12.038,2023,I,,klasifikasi
2-s2.0-85203204914,10.1109/ISBI56570.2024.10635268,2024,E,E1,
2-s2.0-105033609355,10.1109/BIBM66473.2025.11356157,2025,E,E1,
2-s2.0-85160307912,10.1088/2632-2153/acd2a5,2023,E,E1,
2-s2.0-85135758217,10.1109/ACCESS.2022.3195211,2022,E,E1,
2-s2.0-105000950414,10.1007/978-3-031-80943-9_81,2025,E,E1,
2-s2.0-85123333303,10.1109/WACV51458.2022.00112,2022,E,E1,
2-s2.0-85159800383,10.1109/TMM.2023.3273390,2024,I,,report
2-s2.0-85203532642,10.1109/JBHI.2024.3455337,2024,E,E1,
2-s2.0-85137371263,10.1145/3535508.3545548,2022,I,,lainnya
2-s2.0-85103172552,10.1109/TCBB.2021.3066331,2022,I,,klasifikasi
2-s2.0-85191442620,10.1117/12.3003750,2024,I,,lainnya
2-s2.0-105005853694,10.1109/CONCAPAN63470.2024.10933840,2024,I,,klasifikasi
2-s2.0-105026971798,10.1016/j.compmedimag.2025.102695,2026,I,,klasifikasi
2-s2.0-85185383170,10.1109/NSS/MIC44845.2022.10398931,2022,E,E1,
2-s2.0-105031082837,10.1109/BIBE66822.2025.00035,2025,E,E1,
2-s2.0-105016492388,10.1007/s10278-025-01650-z,2026,I,,report
2-s2.0-85075823024,10.1007/978-3-030-32226-7_90,2019,I,,segmentasi
2-s2.0-85201215154,10.1109/CAI59869.2024.00051,2024,E,E1,
2-s2.0-85166481825,10.1109/CBMS58004.2023.00325,2023,I,,segmentasi
