judul,penulis,tahun,sumber,doi,tugas,L1_multilabel,L2_imbalance,L3_inti,dataset,rasio_label,framework_ssl,mekanisme_imbalance,threshold_multilabel,dependensi_label,asumsi_prior,shift,metrik,kode_tersedia,catatan_kelemahan
DISTRIBUTION-AWARE MULTI-LABEL FIXMATCH FOR SEMI-SUPERVISED LEARNING ON CHEXPERT,IHLER S;KUHNKE F;KUHLGATZ T;SEEL T,2024,IEEE COMPUTER SOCIETY CONFERENCE ON COMPUTER VISION AND PATTERN RECOGNITION WORKSHOPS,10.1109/CVPRW63382.2024.00235,klasifikasi,1,1,1,,,,,,,,,,,
SELF-TRAINING WITH ENTROPY-BASED MIXUP FOR LOW-RESOURCE CHEST X-RAY CLASSIFICATION,PARK M;KIM J,2023,APPLIED SCIENCES (SWITZERLAND),10.3390/app13127198,klasifikasi,1,1,1,,,,,,,,,,,
CHEXFUSION: EFFECTIVE FUSION OF MULTI-VIEW FEATURES USING TRANSFORMERS FOR LONG-TAILED CHEST X-RAY CLASSIFICATION,KIM D,2023,"PROCEEDINGS - 2023 IEEE/CVF INTERNATIONAL CONFERENCE ON COMPUTER VISION WORKSHOPS, ICCVW 2023",10.1109/ICCVW60793.2023.00285,klasifikasi,1,1,1,,,,,,,,,,,
ACPL: ANTI-CURRICULUM PSEUDO-LABELLING FOR SEMI-SUPERVISED MEDICAL IMAGE CLASSIFICATION,LIU F;TIAN Y;CHEN Y;LIU Y;BELAGIANNIS V;CARNEIRO G,2022,PROCEEDINGS OF THE IEEE COMPUTER SOCIETY CONFERENCE ON COMPUTER VISION AND PATTERN RECOGNITION,10.1109/CVPR52688.2022.02004,klasifikasi,1,1,1,,,,,,,,,,,
SELF-TRAINING WITH IMPROVED REGULARIZATION FOR SAMPLE-EFFICIENT CHEST X-RAY CLASSIFICATION,RAJAN D;THIAGARAJAN JJ;KARARGYRIS A;KASHYAP S,2021,PROGRESS IN BIOMEDICAL OPTICS AND IMAGING - PROCEEDINGS OF SPIE,10.1117/12.2582290,klasifikasi,1,1,1,,,,,,,,,,,
SEMI-SUPERVISED CLASSIFICATION METHOD FOR CLASS-IMBALANCED MEDICAL IMAGES BASED ON BIAS CORRECTION,SHEN H;WANG Z;WU Q;CHEN Z,2026,LECTURE NOTES IN COMPUTER SCIENCE,10.1007/978-981-95-5634-2_10,klasifikasi,0,1,0,,,,,,,,,,,
ADVERSARIAL AND CORRELATION-AWARE DATA AUGMENTATION FRAMEWORK FOR MULTI-LABEL CHEST X-RAY IMAGE CLASSIFICATION,LIANG Z;LI S;ZHU J,2026,IEEE JOURNAL OF BIOMEDICAL AND HEALTH INFORMATICS,10.1109/JBHI.2026.3667990,klasifikasi,1,0,0,,,,,,,,,,,
ASYMMETRIC DUAL THRESHOLDS AND CO-OCCURRENCE RELATIONSHIP PSEUDO LABEL GENERATION FOR PARTIAL MULTI-LABEL TASK,HUANG J;CHEN Z-M;ZHANG G;GE Y;CHEN H,2026,DISPLAYS,10.1016/j.displa.2025.103183,klasifikasi,1,0,0,,,,,,,,,,,
SEMI-SUPERVISED MEDICAL IMAGE CLASSIFICATION VIA FEATURE-LEVEL MULTI-SCALE CONSISTENCY AND ADVERSARIAL TRAINING,SHIYAN L;SHUQIN W;XIN G;DEBING S,2026,COMPUTERIZED MEDICAL IMAGING AND GRAPHICS,10.1016/j.compmedimag.2025.102695,klasifikasi,0,1,0,,,,,,,,,,,
CATEGORY-WISE FINE-TUNING: RESISTING INCORRECT PSEUDO-LABELS IN MULTI-LABEL IMAGE CLASSIFICATION WITH PARTIAL LABELS,CHONG CF;FANG X;GUO J;ABREU PH;WANG Y;YANG X;KE W;IM S-K,2025,NEUROCOMPUTING,10.1016/j.neucom.2025.130498,klasifikasi,1,0,0,,,,,,,,,,,
APAN: ANTI-CURRICULUM PSEUDO-LABELLING AND ADVERSARIAL NOISES TRAINING FOR SEMI-SUPERVISED MEDICAL IMAGE CLASSIFICATION,CHEN J;YANG J;FAN A;JIA J;ZHANG C;LI W,2025,LECTURE NOTES IN COMPUTER SCIENCE,10.1007/978-981-97-8496-7_12,klasifikasi,1,0,0,,,,,,,,,,,
"UNLABELED INSIGHT, LABELED BOOST: CONTRASTIVE LEARNING AND CLASS-ADAPTIVE PSEUDO-LABELING FOR SEMI-SUPERVISED MEDICAL IMAGE CLASSIFICATION",YANG J;CHEN M;JIA Q;LIU S,2025,ENTROPY,10.3390/e27101015,klasifikasi,0,1,0,,,,,,,,,,,
GENERALIZED NESTEROV-BOOSTED ADVERSARIAL DATA AUGMENTATION FRAMEWORK FOR MULTI-LABEL CHEST X-RAY IMAGE CLASSIFICATION,LIANG Z;SUN Y;LI S,2025,"PROCEEDINGS - 2025 IEEE INTERNATIONAL CONFERENCE ON BIOINFORMATICS AND BIOMEDICINE, BIBM 2025",10.1109/BIBM66473.2025.11356707,klasifikasi,1,0,0,,,,,,,,,,,
STRATEGICALLY ANNOTATING RARE DISEASE SAMPLES TO IMPROVE SEMI-SUPERVISED LEARNING IN LONG-TAILED MEDICAL IMAGE CLASSIFICATION,XU J;HE Z;WANG Y;GUO Y,2025,BIOMEDICAL SIGNAL PROCESSING AND CONTROL,10.1016/j.bspc.2025.108258,klasifikasi,0,1,0,,,,,,,,,,,
MULTI-LABEL CHEST X-RAY IMAGE CLASSIFICATION WITH SINGLE POSITIVE LABELS,XIAO J;LI S;LIN T;ZHU J;YUAN X;FENG DD;SHENG B,2024,IEEE TRANSACTIONS ON MEDICAL IMAGING,10.1109/TMI.2024.3421644,klasifikasi,1,0,0,,,,,,,,,,,
ENHANCING CONTRASTIVE TRAINING FOR SEMI-SUPERVISED CHEST X-RAY ANALYSIS THROUGH GAUSSIAN MIXTURE MODELS,LE PQ;KLEESIEK J;SEIBOLD C,2024,PROCEEDINGS - INTERNATIONAL SYMPOSIUM ON BIOMEDICAL IMAGING,10.1109/ISBI56570.2024.10635757,klasifikasi,1,0,0,,,,,,,,,,,
SEMI-SUPERVISED MEDICAL IMAGE CLASSIFICATION BASED ON DENSENET AND CAPSULE NETWORK COMBINATION MODEL,SHEN H;MO J;REN J,2024,PROCEEDINGS OF SPIE - THE INTERNATIONAL SOCIETY FOR OPTICAL ENGINEERING,10.1117/12.3029635,klasifikasi,1,0,0,,,,,,,,,,,
SEMI-SUPERVISED LEARNING FOR MEDICAL IMAGE CLASSIFICATION BASED ON ANTI-CURRICULUM LEARNING,WU H;SUN J;YOU Q,2023,MATHEMATICS,10.3390/math11061306,klasifikasi,1,0,0,,,,,,,,,,,
CLASS-SPECIFIC DISTRIBUTION ALIGNMENT FOR SEMI-SUPERVISED MEDICAL IMAGE CLASSIFICATION,HUANG Z;WU J;WANG T;LI Z;IOANNOU A,2023,COMPUTERS IN BIOLOGY AND MEDICINE,10.1016/j.compbiomed.2023.107280,klasifikasi,0,1,0,,,,,,,,,,,
CONSISTENCY-BASED SEMI-SUPERVISED EVIDENTIAL ACTIVE LEARNING FOR DIAGNOSTIC RADIOGRAPH CLASSIFICATION,BALARAM S;NGUYEN CM;KASSIM A;KRISHNASWAMY P,2022,LECTURE NOTES IN COMPUTER SCIENCE (INCLUDING SUBSERIES LECTURE NOTES IN ARTIFICIAL INTELLIGENCE AND LECTURE NOTES IN BIOINFORMATICS),10.1007/978-3-031-16431-6_64,klasifikasi,1,0,0,,,,,,,,,,,
INVESTIGATING THE PERFORMANCE OF FIXMATCH FOR COVID-19 DETECTION IN CHEST X-RAYS,SAJUN AR;ZUALKERNAN I;SANKALPA D,2022,APPLIED SCIENCES (SWITZERLAND),10.3390/app12094694,klasifikasi,0,1,0,,,,,,,,,,,
SEMI-SUPERVISED MEDICAL IMAGE CLASSIFICATION BASED ON ATTENTION AND INTRINSIC FEATURES OF SAMPLES,ZHOU Z;LU C;WANG W;DANG W;GONG K,2022,APPLIED SCIENCES (SWITZERLAND),10.3390/app12136726,klasifikasi,1,0,0,,,,,,,,,,,
SELF-SUPERVISED MEAN TEACHER FOR SEMI-SUPERVISED CHEST X-RAY CLASSIFICATION,LIU F;TIAN Y;CORDEIRO FR;BELAGIANNIS V;REID I;CARNEIRO G,2021,LECTURE NOTES IN COMPUTER SCIENCE,10.1007/978-3-030-87589-3_44,klasifikasi,1,0,0,,,,,,,,,,,
CORRECTING DATA IMBALANCE FOR SEMI-SUPERVISED COVID-19 DETECTION USING X-RAY CHEST IMAGES,CALDERON-RAMIREZ S;YANG S;MOEMENI A;ELIZONDO D;COLREAVY-DONNELLY S;CHAVARRÍA-ESTRADA LF;MOLINA-CABELLO MA,2021,APPLIED SOFT COMPUTING,10.1016/j.asoc.2021.107692,klasifikasi,0,1,0,,,,,,,,,,,
SEMI-SUPERVISED LEARNING REGULARIZED BY ADVERSARIAL PERTURBATION AND DIVERSITY MAXIMIZATION,LIU P;ZHENG G,2021,LECTURE NOTES IN COMPUTER SCIENCE,10.1007/978-3-030-87589-3_21,klasifikasi,0,1,0,,,,,,,,,,,
SEMI-SUPERVISED MEDICAL IMAGE CLASSIFICATION WITH RELATION-DRIVEN SELF-ENSEMBLING MODEL,LIU Q;YU L;LUO L;DOU Q;HENG PA,2020,IEEE TRANSACTIONS ON MEDICAL IMAGING,10.1109/TMI.2020.2995518,klasifikasi,1,0,0,,,,,,,,,,,
SEMI-SUPERVISED CLASSIFICATION OF CHEST RADIOGRAPHS,POOCH EHP;BALLESTER P;BARROS RC,2020,LECTURE NOTES IN COMPUTER SCIENCE,10.1007/978-3-030-61166-8_19,klasifikasi,1,0,0,,,,,,,,,,,
SEMI-SUPERVISED LEARNING BY DISENTANGLING AND SELF-ENSEMBLING OVER STOCHASTIC LATENT SPACE,GYAWALI PK;LI Z;GHIMIRE S;WANG L,2019,LECTURE NOTES IN COMPUTER SCIENCE (INCLUDING SUBSERIES LECTURE NOTES IN ARTIFICIAL INTELLIGENCE AND LECTURE NOTES IN BIOINFORMATICS),10.1007/978-3-030-32226-7_85,klasifikasi,1,0,0,,,,,,,,,,,
FRACTURE DETECTION AND LOCALIZATION IN CHEST X-RAYS USING SEMI-SUPERVISED LEARNING WITH DYNAMIC SHARPENING,LU L;MIAO S;YE L,2022,"ICASSP, IEEE INTERNATIONAL CONFERENCE ON ACOUSTICS, SPEECH AND SIGNAL PROCESSING - PROCEEDINGS",10.1109/ICASSP43922.2022.9746079,deteksi,0,1,0,,,,,,,,,,,
KNOWLEDGE DISTILLATION WITH ADAPTIVE ASYMMETRIC LABEL SHARPENING FOR SEMI-SUPERVISED FRACTURE DETECTION IN CHEST X-RAYS,WANG Y;ZHENG K;CHENG C-T;ZHOU X-Y;ZHENG Z;XIAO J;LU L;LIAO C-H;MIAO S,2021,LECTURE NOTES IN COMPUTER SCIENCE (INCLUDING SUBSERIES LECTURE NOTES IN ARTIFICIAL INTELLIGENCE AND LECTURE NOTES IN BIOINFORMATICS),10.1007/978-3-030-78191-0_46,deteksi,0,1,0,,,,,,,,,,,
